id,first_name,last_name,email,latitude,longitude
1,Larina,Eberdt,leberdt0@furl.net,40.1929685,-74.6502902
2,Chan,Naismith,cnaismith1@comcast.net,39.9759847,-75.2537397
3,Antony,Finney,afinney2@harvard.edu,39.2671237,-84.5195974
4,Sherwood,Barreau,sbarreau3@japanpost.jp,25.9868744,-80.2153998
5,Bruno,Lidden,blidden4@desdev.cn,36.1457192,-86.8066559
6,Barbette,Purches,bpurches5@mit.edu,42.1241764,-80.08181
7,Pearle,Ewenson,pewenson6@amazon.co.uk,43.0745339,-89.3805579
8,Gareth,Trustrie,gtrustrie7@cloudflare.com,38.3237571,-108.1821561
9,Lockwood,St. Queintain,lstqueintain8@pinterest.com,42.3382755,-83.1756188
10,Shoshanna,Adamo,sadamo9@intel.com,38.63,-90.19
11,Maure,Caselick,mcaselicka@wufoo.com,35.6869752,-105.937799
12,Denna,Agglio,daggliob@bloglines.com,32.7311729,-97.4508426
13,Olly,Trethewey,otretheweyc@slate.com,39.0745039,-84.33211
14,Davin,Kryszka,dkryszkad@webnode.com,38.5385973,-121.6954666
15,Jojo,Titman,jtitmane@hatena.ne.jp,34.7576397,-92.324251
16,Freemon,Baldocci,fbaldoccif@economist.com,34.7,-118.14
17,Maxine,Dearnly,mdearnlyg@yellowbook.com,42.65,-73.76
18,Brose,Ciobutaro,bciobutaroh@unicef.org,35.4209352,-97.6656625
19,Lyman,Stobart,lstobarti@economist.com,35.1274285,-80.8599193
20,Giorgi,Silver,gsilverj@themeforest.net,41.2,-111.98
21,Correna,Besque,cbesquek@sphinn.com,32.9578909,-102.8518139
22,Daniel,Widmoor,dwidmoorl@un.org,36.4303079,-115.5207358
23,Phebe,Rosetti,prosettim@goo.gl,39.95,-75.18
24,Alleyn,Tows,atowsn@tinyurl.com,39.6924206,-94.9143239
25,Hakim,Ottewell,hottewello@plala.or.jp,41.7644599,-72.6729522
26,Mitchell,O'Lagene,molagenep@dedecms.com,45.616422,-122.5804528
27,Boot,MacKartan,bmackartanq@instagram.com,40.7177351,-111.8985922
28,Vlad,Wickett,vwickettr@wp.com,39.02,-94.72
29,Reese,Brunini,rbruninis@google.fr,30.3152434,-81.6856808
30,Nonie,Babon,nbabont@desdev.cn,38.8974442,-77.0296868
31,Cyrus,Stainland,cstainlandu@ocn.ne.jp,32.9536923,-96.816156
32,Cornelle,Forlong,cforlongv@house.gov,36.15,-96
33,Lina,Elfe,lelfew@naver.com,33.6523096,-86.7114545
34,Blanca,Boomes,bboomesx@toplist.cz,38.58,-121.49
35,Giles,Grassin,ggrassiny@webmd.com,32.2299999,-86.19
36,Giusto,Weiss,gweissz@cbsnews.com,40.3208847,-76.8836261
37,Meggy,Manon,mmanon10@ebay.com,39.0638705,-108.5506486
38,Deborah,Lubbock,dlubbock11@elpais.com,38.0434058,-121.2969674
39,Janie,Hise,jhise12@uiuc.edu,33.4658131,-112.0244867
40,Karena,Boughey,kboughey13@bluehost.com,39.026091,-95.7226884
41,Boris,Anstis,banstis14@prweb.com,38.35,-81.63
42,Orville,Eastes,oeastes15@microsoft.com,39.7443294,-89.7286056
43,Cheryl,Trubshaw,ctrubshaw16@domainmarket.com,42.9267976,-85.6480724
44,Alyssa,Mephan,amephan17@tamu.edu,32.7274015,-97.2706807
45,Stacy,Sertin,ssertin18@latimes.com,40.9234909,-74.1797766
46,Philly,Possa,ppossa19@dropbox.com,42.1165506,-88.0549221
47,Trumaine,Blincoe,tblincoe1a@vistaprint.com,32.78,-96.8
48,Ransell,Philippson,rphilippson1b@businesswire.com,41.7396715,-85.9262162
49,Patrice,Baccas,pbaccas1c@adobe.com,33.9516114,-118.3875775
50,Del,Normanvell,dnormanvell1d@goo.gl,38.9273849,-77.0125445
51,Heather,Manueau,hmanueau1e@amazon.com,42.3652917,-71.0646337
52,Anna-diana,Camus,acamus1f@washingtonpost.com,39.2708955,-84.3279093
53,Ban,Sunderland,bsunderland1g@youku.com,42.88,-78.83
54,Suzanna,Hoy,shoy1h@si.edu,38.8943618,-77.04997
55,Kendricks,Eva,keva1i@huffingtonpost.com,36.0624707,-86.7768273
56,Pepillo,Landsberg,plandsberg1j@jimdo.com,25.7357116,-80.3992652
57,Jamison,Solan,jsolan1k@discuz.net,33.7484047,-116.3520354
58,Calida,Chrismas,cchrismas1l@mysql.com,39.2708955,-84.3279093
59,Shanta,Colten,scolten1m@constantcontact.com,40.6285158,-73.9447994
60,Karlik,Hentzeler,khentzeler1n@tumblr.com,41.6919638,-86.3754398
61,Naomi,O'Rowane,norowane1o@oakley.com,43.0690343,-89.4245627
62,Martino,Jennrich,mjennrich1p@chron.com,25.5527232,-80.3352364
63,Hedda,Salmoni,hsalmoni1q@shop-pro.jp,40.7,-111.94
64,Phil,Fidelus,pfidelus1r@quantcast.com,32.7925057,-116.93933
65,Aleksandr,Boundley,aboundley1s@engadget.com,40.4770427,-79.9571907
66,Ricard,Jesson,rjesson1t@nba.com,37.3510878,-79.177041
67,Alyss,Likly,alikly1u@merriam-webster.com,39.0327543,-76.5517132
68,Cassondra,Gonzalez,cgonzalez1v@shinystat.com,33.9744806,-118.4177707
69,Sorcha,Haversham,shaversham1w@ezinearticles.com,39.4854373,-119.8757349
70,Jacquenetta,Gwilym,jgwilym1x@myspace.com,39.6476577,-104.9984484
71,Jorey,Chestle,jchestle1y@jugem.jp,32.2680738,-110.9923904
72,Harper,McFade,hmcfade1z@cpanel.net,29.9305879,-95.5984925
73,Marilyn,Crowson,mcrowson20@berkeley.edu,32.2392184,-93.5205641
74,Pasquale,Spilsburie,pspilsburie21@blog.com,33.6781963,-118.0127534
75,Niles,Watford,nwatford22@instagram.com,32.3324642,-111.2129616
76,Deborah,Vogt,dvogt23@oakley.com,39.062982,-76.8391683
77,Juliet,Filmer,jfilmer24@mapy.cz,33.6781963,-118.0127534
78,Emelda,Dewfall,edewfall25@oaic.gov.au,42.3662435,-83.3270994
79,Zandra,Prout,zprout26@sogou.com,38.6160491,-90.2291565
80,Brynna,MacKee,bmackee27@japanpost.jp,38.0765476,-84.5955732
81,Elfie,Trayford,etrayford28@europa.eu,42.1165506,-88.0549221
82,Ulises,Toogood,utoogood29@businessweek.com,37.9416306,-77.3484049
83,Chilton,Kopisch,ckopisch2a@google.ru,43.5072348,-83.9638426
84,Rozamond,Everitt,reveritt2b@examiner.com,40.8143687,-73.7419017
85,Luther,Bescoby,lbescoby2c@state.tx.us,38.9,-77.04
86,Renard,Reihm,rreihm2d@nih.gov,39.7380371,-105.0265195
87,Heida,Jeremaes,hjeremaes2e@weibo.com,28.5833617,-81.4760857
88,Audrie,Coggles,acoggles2f@nymag.com,32.53,-92.08
89,Rodie,Erangy,rerangy2g@geocities.com,30.5547139,-84.0801613
90,Benedetto,Firpi,bfirpi2h@ucoz.ru,34.06,-118.31
91,Andrus,Goldberg,agoldberg2i@deliciousdays.com,33.45,-111.97
92,Brigham,Grishakov,bgrishakov2j@apache.org,43.1095503,-88.0411993
93,Jamal,Grundwater,jgrundwater2k@livejournal.com,42.5420213,-91.1118075
94,Kelsey,Brettell,kbrettell2l@opensource.org,26.8844636,-81.734942
95,Ellwood,Cloney,ecloney2m@oakley.com,38.8827087,-77.0163235
96,Elsa,Mateu,emateu2n@cornell.edu,33.9548846,-118.0273914
97,Raffarty,Prantl,rprantl2o@miitbeian.gov.cn,26.11,-80.3
98,Godard,McDarmid,gmcdarmid2p@illinois.edu,39.9602601,-83.0092803
99,Gael,Casaroli,gcasaroli2q@epa.gov,41.5359304,-88.1193763
100,Camala,Slafford,cslafford2r@stanford.edu,33.7684556,-118.2022212
101,Toddie,Oliva,toliva2s@prnewswire.com,33.519545,-111.5468301
102,Catherin,Hamnett,chamnett2t@cbsnews.com,29.6464527,-95.4935119
103,Moss,Bosquet,mbosquet2u@ehow.com,43.61,-116.2
104,Junia,Edgerley,jedgerley2v@ted.com,40.708873,-74.0093553
105,Gardiner,Treadgear,gtreadgear2w@yellowbook.com,39.1822152,-84.4225186
106,Basilio,Meade,bmeade2x@omniture.com,45.4863306,-122.8020059
107,Cordell,Pawley,cpawley2y@japanpost.jp,29.76,-95.36
108,Stacey,Shellard,sshellard2z@soup.io,32.78,-96.8
109,Audra,Crookshank,acrookshank30@netlog.com,30.4124334,-84.2831162
110,Karia,Wild,kwild31@so-net.ne.jp,38.8978995,-77.0157837
111,Abey,Harvey,aharvey32@dedecms.com,29.2434976,-82.116955
112,Keefe,Ternouth,kternouth33@ocn.ne.jp,33.6061462,-117.8912117
113,Ikey,Marquand,imarquand34@ucoz.ru,42.9979838,-76.1377935
114,Cly,Greene,cgreene35@vkontakte.ru,33.9255183,-83.9214896
115,Jerry,Popple,jpopple36@google.ca,35.9787718,-84.1329595
116,Fayre,MacTimpany,fmactimpany37@bbc.co.uk,33.8781886,-117.5731991
117,Vail,McHarry,vmcharry38@patch.com,25.728011,-80.2454223
118,Erv,Baldick,ebaldick39@shinystat.com,44.934021,-123.3072848
119,Jerrilyn,Adrien,jadrien3a@ning.com,34.6939733,-86.6107106
120,Ange,Fidock,afidock3b@technorati.com,35.9015016,-81.138279
121,Sebastien,Trussman,strussman3c@privacy.gov.au,38.9187037,-76.9611991
122,Rica,Speck,rspeck3d@vinaora.com,37.27,-79.94
123,Emanuel,Bouller,ebouller3e@privacy.gov.au,33.8752935,-117.5664384
124,Torey,Cufflin,tcufflin3f@desdev.cn,30.4415185,-87.2518824
125,Annadiana,Simm,asimm3g@admin.ch,44.9799999,-93.26
126,Clair,Josham,cjosham3h@time.com,30.3152434,-81.6856808
127,Romona,Hirjak,rhirjak3i@ca.gov,36.0268006,-83.7942551
128,Wilhelmine,Olford,wolford3j@howstuffworks.com,25.7564471,-80.2056382
129,Reinaldos,Nail,rnail3k@rediff.com,40.7758541,-74.1650991
130,Kelley,Urlin,kurlin3l@ucoz.ru,37.99,-84.52
131,Britni,Oxley,boxley3m@pen.io,36.0978298,-80.2438321
132,Anjela,Laurencot,alaurencot3n@soup.io,34.1672881,-118.153228
133,Teddie,Childerley,tchilderley3o@europa.eu,32.8565219,-96.6038258
134,Kristoffer,Sainsbury-Brown,ksainsburybrown3p@godaddy.com,27.96,-82.53
135,Lynda,Vahey,lvahey3q@epa.gov,36.1457192,-86.8066559
136,Marita,Copley,mcopley3r@uiuc.edu,39.9799992,-105.248737
137,Bendix,Fronsek,bfronsek3s@cmu.edu,33.5915355,-101.8482479
138,Bettina,Burditt,bburditt3t@unesco.org,34.4135868,-119.8496976
139,Hendrik,Itzhak,hitzhak3u@unc.edu,29.5613789,-98.5612534
140,Tiphanie,Brok,tbrok3v@clickbank.net,45.4863306,-122.8020059
141,Gaylor,Bloodworth,gbloodworth3w@cyberchimps.com,38.9003669,-77.0351137
142,Benjie,Southwood,bsouthwood3x@imdb.com,33.5199899,-86.8512078
143,Doria,Vasiliev,dvasiliev3y@ucsd.edu,28.54,-81.38
144,Bearnard,Constant,bconstant3z@tinyurl.com,42.3662435,-83.3270994
145,Gertrud,Tennison,gtennison40@cdc.gov,37.6346281,-97.2383178
146,Ethelyn,Reyna,ereyna41@nyu.edu,35.2299999,-80.84
147,Hobard,Thoday,hthoday42@blogtalkradio.com,39.0745039,-84.33211
148,Don,Lively,dlively43@intel.com,40.2617721,-76.8798693
149,Tomasina,Whale,twhale44@nymag.com,38.2743989,-104.6086995
150,Silvio,Pimblotte,spimblotte45@ehow.com,41.1071733,-80.5993854
151,Ophelia,Gostage,ogostage46@nba.com,41.6919638,-86.3754398
152,Brew,Wones,bwones47@utexas.edu,43.153975,-77.6120835
153,Lewes,Wayvill,lwayvill48@mozilla.com,30.1921004,-81.6975206
154,Raina,Tidball,rtidball49@census.gov,41.2164036,-75.9142437
155,Yetty,Antoniat,yantoniat4a@blogspot.com,33.76,-84.39
156,Care,Delatour,cdelatour4b@alibaba.com,47.61,-122.33
157,Corrine,Perrelli,cperrelli4c@umich.edu,39.0105228,-95.6931356
158,Cesare,O'dell,codell4d@51.la,30.3859766,-91.0759758
159,Edy,Jaram,ejaram4e@blogger.com,42.6862558,-82.7625747
160,Zeke,Berston,zberston4f@yale.edu,37.13,-84.08
161,Venita,Sheber,vsheber4g@house.gov,40.9112418,-96.5996963
162,Etheline,Kinnerk,ekinnerk4h@ebay.co.uk,41.8062766,-87.6482474
163,Kristien,Kirkwood,kkirkwood4i@alexa.com,47.0378741,-122.9006951
164,Bryon,Gricks,bgricks4j@myspace.com,40.6998888,-73.8076421
165,Arne,Pavlenkov,apavlenkov4k@samsung.com,38.8974019,-77.0262531
166,Merline,Oxberry,moxberry4l@virginia.edu,33.9516114,-118.3875775
167,Bernadette,Denacamp,bdenacamp4m@senate.gov,33.45,-112.08
168,Onida,Rumbelow,orumbelow4n@ebay.co.uk,33.9253024,-84.3857442
169,Murdock,Imm,mimm4o@bloomberg.com,39.0041504,-77.0391754
170,Carlen,Devey,cdevey4p@time.com,27.8222933,-97.5788975
171,Hyatt,Tatam,htatam4q@mac.com,30.4,-91.08
172,Byrle,Guyot,bguyot4r@usgs.gov,40.77,-73.53
173,Orville,Parsley,oparsley4s@de.vu,31.77,-106.43
174,Gaile,Karsh,gkarsh4t@woothemes.com,40.496654,-74.446092
175,Karol,Latek,klatek4u@canalblog.com,36.0458806,-95.8562271
176,Ramsey,Ugoletti,rugoletti4v@cisco.com,38.6024828,-121.4470463
177,Nikola,Minards,nminards4w@salon.com,32.3361632,-90.1565209
178,Libbie,Rootes,lrootes4x@umich.edu,43.0690343,-89.4245627
179,Barnebas,Crownshaw,bcrownshaw4y@lycos.com,39.7975767,-89.6551671
180,Tadd,Jaume,tjaume4z@microsoft.com,42.4643438,-83.4056438
181,Lotta,Cottill,lcottill50@icio.us,28.2123183,-80.6720617
182,Portia,Lumpkin,plumpkin51@soup.io,39.0638705,-108.5506486
183,Skyler,Bischof,sbischof52@pcworld.com,38.58,-121.49
184,Joachim,Fesby,jfesby53@mediafire.com,37.27,-79.94
185,Kennith,Fullylove,kfullylove54@privacy.gov.au,39.1140535,-94.7743365
186,Cristian,Rustich,crustich55@canalblog.com,35.6131551,-97.6385368
187,Willa,Camplin,wcamplin56@mtv.com,45.1908533,-93.3007481
188,Buckie,Hance,bhance57@dropbox.com,38.86,-76.99
189,Darleen,Fosdyke,dfosdyke58@flickr.com,42.1214396,-80.0852698
190,Maurizio,Akitt,makitt59@barnesandnoble.com,32.31,-106.78
191,Dallas,Knightly,dknightly5a@google.co.uk,41.88,-87.62
192,Sharia,Neath,sneath5b@blog.com,40.04,-76.31
193,Tonnie,Prowting,tprowting5c@blogger.com,38.9475624,-77.3295728
194,Gabriella,Burehill,gburehill5d@ucoz.ru,38.7240446,-77.1082444
195,Xever,Reaman,xreaman5e@webmd.com,34.5925622,-117.8194197
196,Lynea,Battlestone,lbattlestone5f@narod.ru,47.1139164,-122.7708828
197,Myrtia,Barszczewski,mbarszczewski5g@apple.com,28.4630493,-81.460856
198,Maximilianus,Legon,mlegon5h@myspace.com,27.8222933,-97.5788975
199,Reta,Hornbuckle,rhornbuckle5i@nsw.gov.au,39.817642,-75.5101999
200,Goldie,Skamal,gskamal5j@mail.ru,41.2340369,-96.1155932
201,Cheryl,Lemmen,clemmen5k@odnoklassniki.ru,38.32,-122.64
202,Martha,Rochester,mrochester5l@hao123.com,26.411026,-80.0926014
203,Merline,Longcaster,mlongcaster5m@tuttocitta.it,40.0506279,-83.0683519
204,Jesse,Ivancevic,jivancevic5n@amazonaws.com,39.9602601,-83.0092803
205,Pattie,Labrone,plabrone5o@ft.com,32.7274015,-97.2706807
206,Bernhard,Pinnock,bpinnock5p@elegantthemes.com,40.7,-89.52
207,Patten,Durden,pdurden5q@gov.uk,29.483344,-98.5207797
208,Averill,Hunday,ahunday5r@com.com,34.6741181,-92.3517526
209,Kaile,Jewer,kjewer5s@posterous.com,39.29,-76.61
210,Smitty,Walak,swalak5t@163.com,34.7671945,-82.3777335
211,Deedee,Worboy,dworboy5u@archive.org,36.1069958,-79.8522564
212,Pauletta,Abramovici,pabramovici5v@gmpg.org,40.7,-111.94
213,Nikolai,Rubinek,nrubinek5w@twitter.com,39.8786639,-104.6821048
214,Marcille,Gautrey,mgautrey5x@myspace.com,27.6112399,-81.6621917
215,Caldwell,Aysik,caysik5y@soundcloud.com,33.4335164,-111.7256936
216,Wright,Goodbar,wgoodbar5z@1688.com,30.7,-88.11
217,Cherin,Betchley,cbetchley60@is.gd,33.52,-86.8
218,Stephan,Greatorex,sgreatorex61@joomla.org,38.409359,-82.3614632
219,Ephraim,Trenbey,etrenbey62@dailymotion.com,38.8974442,-77.0296868
220,Alix,Dinnage,adinnage63@seattletimes.com,35.3922378,-97.4273195
221,Burl,Stuckow,bstuckow64@diigo.com,39.3096984,-76.6701475
222,Faber,O'Lenane,folenane65@amazon.co.uk,41.1024492,-81.4992884
223,Michaella,Giraudo,mgiraudo66@indiatimes.com,42.7282811,-84.5511177
224,Any,Stratton,astratton67@artisteer.com,28.1434318,-82.3343375
225,Bernetta,Healeas,bhealeas68@posterous.com,42.3662435,-83.3270994
226,Vern,Raiston,vraiston69@drupal.org,29.910184,-81.5377013
227,Brina,Pearmain,bpearmain6a@godaddy.com,38.6160491,-90.2291565
228,Koressa,Innerstone,kinnerstone6b@vkontakte.ru,35.5873507,-82.4874499
229,Kissiah,Rumin,krumin6c@so-net.ne.jp,38.8931743,-77.0251409
230,Lib,Coppeard,lcoppeard6d@smh.com.au,26.6654996,-80.0590804
231,Abbot,Reddlesden,areddlesden6e@loc.gov,39.7167888,-104.9665815
232,Anthiathia,Partlett,apartlett6f@opensource.org,30.2047151,-92.0167547
233,Elka,Twiggs,etwiggs6g@g.co,38.2,-85.7
234,Janela,Jeacocke,jjeacocke6h@oracle.com,41.6615259,-83.6861485
235,Catie,Mateus,cmateus6i@illinois.edu,35.0010118,-85.3162066
236,Prescott,Twopenny,ptwopenny6j@qq.com,35.1268513,-119.1855785
237,Renato,Rasor,rrasor6k@ezinearticles.com,35.99,-115.09
238,Alis,Artis,aartis6l@epa.gov,33.7654607,-84.38709
239,Bill,Lube,blube6m@unesco.org,45.78,-108.5
240,Walt,Sandifer,wsandifer6n@hao123.com,41.2,-111.98
241,Michel,Chesman,mchesman6o@ebay.co.uk,42.9267976,-85.6480724
242,Nydia,Zarb,nzarb6p@ftc.gov,32.229334,-110.8772009
243,Mord,Gemmell,mgemmell6q@usa.gov,28.0003221,-82.5889012
244,Nanon,Garrelts,ngarrelts6r@cpanel.net,30.27,-97.74
245,Eba,Stillgoe,estillgoe6s@patch.com,34.7671945,-82.3777335
246,Aveline,Paeckmeyer,apaeckmeyer6t@lycos.com,25.9369686,-81.5596427
247,Sara-ann,Ledson,sledson6u@biblegateway.com,41.5399755,-72.9934468
248,Marcile,Alesi,malesi6v@un.org,38.0515795,-87.6876112
249,Bride,Pogue,bpogue6w@prlog.org,37.0098187,-76.4273844
250,Simonette,Gallgher,sgallgher6x@nps.gov,38.8363582,-104.794212
251,Genevra,Shevelin,gshevelin6y@ovh.net,36.1857974,-79.8184684
252,Cheri,Fishlock,cfishlock6z@yandex.ru,43.0751316,-88.0379517
253,Donalt,Badini,dbadini70@harvard.edu,30.3276652,-81.6631259
254,Rogerio,Thick,rthick71@twitpic.com,36.8653194,-76.0507949
255,Jayme,Tother,jtother72@360.cn,41.7396715,-85.9262162
256,Petronia,Jochens,pjochens73@nydailynews.com,33.192168,-117.3028803
257,Devonne,Phillcock,dphillcock74@github.com,30.1185635,-95.3730176
258,Otha,Ambroix,oambroix75@google.es,43.0043693,-85.6332093
259,Emyle,Harflete,eharflete76@noaa.gov,40.9180569,-73.8977693
260,Eloise,Cleveland,ecleveland77@youku.com,41.7748554,-88.1480775
261,Kimberlee,Olivera,kolivera78@wufoo.com,39.7170046,-104.9408931
262,Dall,McCrorie,dmccrorie79@scribd.com,34.052996,-118.2548551
263,Othilie,Farbrother,ofarbrother7a@biglobe.ne.jp,39.74,-104.98
264,Zahara,Czajkowski,zczajkowski7b@usda.gov,39.6476577,-104.9984484
265,Ursola,Sandbatch,usandbatch7c@wiley.com,32.2539326,-90.2481337
266,Kathrine,Whear,kwhear7d@cdc.gov,39.0277832,-94.6557914
267,Ariadne,Sandells,asandells7e@ibm.com,27.9890156,-81.6802054
268,Agnes,Demoge,ademoge7f@blogger.com,36.7949518,-119.7541856
269,Veronique,Macia,vmacia7g@fc2.com,40.44,-79.9599999
270,Herbie,Souness,hsouness7h@tiny.cc,27.3980151,-80.3714326
271,Ardith,Hucquart,ahucquart7i@reuters.com,32.31651,-95.2514685
272,Everard,MacGahey,emacgahey7j@wisc.edu,37.7181398,-122.4863492
273,Murvyn,McLucky,mmclucky7k@tripadvisor.com,36.0457187,-115.3133908
274,Dannie,Bims,dbims7l@delicious.com,33.436645,-112.036451
275,Nikoletta,Bales,nbales7m@princeton.edu,30.27,-97.74
276,Bevin,Weatherell,bweatherell7n@weebly.com,37.4110966,-122.0181762
277,Lula,Martschik,lmartschik7o@forbes.com,39.1140535,-94.7743365
278,Malorie,Isaak,misaak7p@sfgate.com,38.58,-121.49
279,Corena,Blowne,cblowne7q@networkadvertising.org,40.864318,-73.7977928
280,Nataline,McPherson,nmcpherson7r@artisteer.com,40.4696026,-80.0388543
281,Elonore,Kann,ekann7s@gmpg.org,42.2253803,-83.3415334
282,Clemence,Scrannage,cscrannage7t@reverbnation.com,30.475663,-87.193563
283,Charline,Danko,cdanko7u@zimbio.com,43.1352111,-77.6478852
284,Shawn,Cardis,scardis7v@hud.gov,40.9180569,-73.8977693
285,Philipa,Fairley,pfairley7w@newyorker.com,33.1362221,-97.0821162
286,Filippa,Tompsett,ftompsett7x@hhs.gov,38.889471,-77.0578855
287,Florenza,Hanner,fhanner7y@google.ca,32.8094568,-96.889555
288,Emmit,Orchart,eorchart7z@jalbum.net,41.2164036,-75.9142437
289,Zebedee,Farens,zfarens80@answers.com,32.2392184,-93.5205641
290,Wynne,Voce,wvoce81@vk.com,30.27,-97.74
291,Teodoro,Shoesmith,tshoesmith82@census.gov,38.8822689,-77.142764
292,Cindy,Pendreigh,cpendreigh83@newyorker.com,37.3931794,-122.0778761
293,Beverlee,Hagyard,bhagyard84@omniture.com,31.77,-106.43
294,Sharlene,Mungin,smungin85@ebay.co.uk,40.22,-74.74
295,Mavis,Massard,mmassard86@bloglines.com,42.4681713,-83.1589716
296,Lucila,Auckland,lauckland87@live.com,34.0067522,-81.0330246
297,Flint,Wellard,fwellard88@printfriendly.com,39.02,-94.72
298,Nana,Proswell,nproswell89@senate.gov,34.050751,-118.3841777
299,Foss,Summerson,fsummerson8a@earthlink.net,39.1140535,-94.7743365
300,Bertrand,Shakspeare,bshakspeare8b@weebly.com,42.4678076,-70.9844
301,Carrissa,Kramer,ckramer8c@fc2.com,41.3065186,-72.9310714
302,Titus,Diegan,tdiegan8d@skype.com,45.616422,-122.5804528
303,Rodrigo,Malarkey,rmalarkey8e@feedburner.com,38.9374808,-77.0852258
304,Pasquale,Domange,pdomange8f@livejournal.com,39.2246072,-119.7078532
305,Rand,O'Heffernan,roheffernan8g@smh.com.au,38.36,-81.65
306,Chip,Patnelli,cpatnelli8h@baidu.com,32.7150419,-117.1724288
307,Ray,McKinnell,rmckinnell8i@wiley.com,36.0458806,-95.8562271
308,Nahum,Skeath,nskeath8j@usnews.com,29.7322762,-95.3755461
309,Bryanty,Whitmell,bwhitmell8k@nature.com,41.7748554,-88.1480775
310,Arabella,Minty,aminty8l@wp.com,43.0690343,-89.4245627
311,Rafe,Hallsworth,rhallsworth8m@psu.edu,40.9163004,-74.172438
312,Kimberlyn,Dormer,kdormer8n@imageshack.us,41.6613587,-91.4918235
313,Rutherford,Stoeck,rstoeck8o@usgs.gov,40.9163004,-74.172438
314,Darice,Strangward,dstrangward8p@ucoz.com,36.9923139,-122.0581762
315,Skippie,Staton,sstaton8q@lulu.com,28.5417016,-81.2408689
316,Audrey,Gleder,agleder8r@digg.com,34.6540922,-86.566246
317,Teresita,Yarrall,tyarrall8s@spiegel.de,38.6,-121.45
318,Ward,Malster,wmalster8t@last.fm,26.411026,-80.0926014
319,Christal,Gamlen,cgamlen8u@rakuten.co.jp,31.9754756,-106.4170311
320,Liane,Leppard,lleppard8v@netscape.com,38.9331391,-92.3738037
321,Olav,Woodlands,owoodlands8w@123-reg.co.uk,38.6,-121.45
322,Aleen,Bimrose,abimrose8x@arizona.edu,41.0924881,-73.4239143
323,Debera,Sprade,dsprade8y@epa.gov,39.14,-84.54
324,Jessie,Bisacre,jbisacre8z@icio.us,39.4596137,-87.3478243
325,Fabiano,Burke,fburke90@wisc.edu,38.5574091,-121.4848927
326,Jeane,Tremlett,jtremlett91@usgs.gov,30.5547139,-84.0801613
327,Mendie,Jerzak,mjerzak92@jimdo.com,34.4135868,-119.8496976
328,Erena,Puve,epuve93@wunderground.com,38.0765476,-84.5955732
329,Angelica,Towell,atowell94@google.fr,40.2617721,-76.8798693
330,Duncan,Slessar,dslessar95@freewebs.com,41.2340369,-96.1155932
331,Maryjane,Godlonton,mgodlonton96@furl.net,39.67,-86.19
332,Priscilla,Godlip,pgodlip97@apple.com,39.8,-89.65
333,Merill,Coppeard,mcoppeard98@feedburner.com,27.9852231,-82.008014
334,Kalil,Ajean,kajean99@mozilla.org,40.0397682,-75.145782
335,Gertie,Kunzelmann,gkunzelmann9a@i2i.jp,35.3328119,-80.817935
336,Cort,Scougal,cscougal9b@example.com,42.0817502,-76.854799
337,Bathsheba,Beasley,bbeasley9c@whitehouse.gov,41.7721061,-72.7038047
338,Christoforo,Corrie,ccorrie9d@parallels.com,36.025609,-78.9853813
339,Rubia,Dines,rdines9e@jigsy.com,40.7634529,-73.9798808
340,Cary,McGinlay,cmcginlay9f@google.it,38.6,-121.45
341,Sherrie,Aizic,saizic9g@blogtalkradio.com,44.903044,-93.2332244
342,Lanie,Wallbutton,lwallbutton9h@ucla.edu,38.93,-77.4
343,Casie,Rogans,crogans9i@tmall.com,39.1714266,-86.5186022
344,Florina,Rauprich,frauprich9j@trellian.com,47.6015566,-122.3323351
345,Jessa,Stedson,jstedson9k@psu.edu,35.6131551,-97.6385368
346,Clea,Henner,chenner9l@google.nl,47.6025001,-122.3385759
347,Wandie,Rentenbeck,wrentenbeck9m@slideshare.net,40.4696026,-80.0388543
348,Inessa,Eefting,ieefting9n@cloudflare.com,29.4418162,-98.4801308
349,Berkley,Buzzing,bbuzzing9o@home.pl,38.9331391,-92.3738037
350,Janette,Woodrough,jwoodrough9p@adobe.com,40.8690303,-73.8477874
351,Ginevra,Antognazzi,gantognazzi9q@cisco.com,41.0699247,-80.6937177
352,Melicent,Bliben,mbliben9r@deliciousdays.com,31.77,-106.43
353,Baxie,Saffon,bsaffon9s@oaic.gov.au,31.76,-106.49
354,Maddalena,De Witt,mdewitt9t@msu.edu,37.9416306,-77.3484049
355,Antoinette,Cotta,acotta9u@com.com,30.1921004,-81.6975206
356,Wallis,M'Chirrie,wmchirrie9v@symantec.com,41.0875099,-81.6363869
357,Octavius,Morgon,omorgon9w@technorati.com,38.92,-76.99
358,Brier,Lermit,blermit9x@myspace.com,37.0279431,-76.3116235
359,Kimmie,Writtle,kwrittle9y@wikia.com,41.0924881,-73.4239143
360,Corina,Morman,cmorman9z@1688.com,27.4404047,-82.5828377
361,Enrika,Kellen,ekellena0@spotify.com,33.8101772,-118.3520389
362,Rutter,Bassham,rbasshama1@seesaa.net,42.1144473,-72.4909026
363,Darnall,Fache,dfachea2@edublogs.org,40.4222843,-80.0367259
364,Heriberto,Bails,hbailsa3@who.int,33.8640647,-118.1766294
365,Dori,Sictornes,dsictornesa4@people.com.cn,43.15,-77.63
366,Tabb,Krauss,tkraussa5@sun.com,38.8363582,-104.794212
367,Patton,Haddleton,phaddletona6@parallels.com,41.0924881,-73.4239143
368,Elizabeth,Blinman,eblinmana7@msu.edu,37.0279431,-76.3116235
369,Pennie,Rizzini,prizzinia8@salon.com,33.45,-111.97
370,Kynthia,Medlicott,kmedlicotta9@myspace.com,32.7348953,-117.0970596
371,Bernie,Olczyk,bolczykaa@go.com,42.34,-71.05
372,Timmie,Parkisson,tparkissonab@reference.com,35.9014983,-81.1381216
373,Baryram,Claussen,bclaussenac@house.gov,38.133032,-85.8963964
374,Almeta,Medlar,amedlarad@webmd.com,29.65,-82.33
375,Magdalena,Bristow,mbristowae@narod.ru,30.4111518,-88.9198322
376,Ev,Mates,ematesaf@samsung.com,41.2505888,-75.8520879
377,Cesare,Garmans,cgarmansag@cornell.edu,21.3488387,-157.9435603
378,Norby,Spata,nspataah@nps.gov,38.03,-87.58
379,Clerc,Vaughan,cvaughanai@pen.io,38.88,-76.85
380,Carita,Raeside,craesideaj@google.fr,30.3121498,-81.7375526
381,Flossi,Giacopini,fgiacopiniak@w3.org,39.014268,-94.4027782
382,Ave,Dury,aduryal@studiopress.com,30.2102306,-81.7458845
383,Fabien,McBoyle,fmcboyleam@linkedin.com,38.79,-77.19
384,Flora,Camilleri,fcamillerian@skype.com,39.14,-84.54
385,Analiese,Perez,aperezao@bravesites.com,36.8022774,-76.2768755
386,Leonanie,Spaughton,lspaughtonap@reference.com,37.99,-84.52
387,Devon,Hewins,dhewinsaq@ihg.com,41.5359304,-88.1193763
388,Jenna,Crosthwaite,jcrosthwaitear@istockphoto.com,41.8265437,-71.4013635
389,Ida,Mandel,imandelas@arstechnica.com,38.58,-121.49
390,Darius,Klemz,dklemzat@homestead.com,38.2214782,-85.6794434
391,Chalmers,Petow,cpetowau@indiatimes.com,44.9799999,-93.26
392,Gabey,Palfreman,gpalfremanav@symantec.com,30.9252192,-83.2291862
393,Marsha,Pyle,mpyleaw@infoseek.co.jp,31.319438,-92.4672927
394,Rafaello,Maciunas,rmaciunasax@sakura.ne.jp,27.3980151,-80.3714326
395,Huntington,Harriss,hharrissay@facebook.com,45.5220648,-122.6757228
396,Sianna,Toner,stoneraz@wp.com,32.7311729,-97.4508426
397,Tymothy,Hubber,thubberb0@adobe.com,34.9128121,-116.6492954
398,Vidovik,Wotherspoon,vwotherspoonb1@seesaa.net,39.790486,-104.9000469
399,Cos,Malacrida,cmalacridab2@jigsy.com,26.0576497,-80.3101684
400,Garret,Parlour,gparlourb3@etsy.com,38.58,-121.49
401,Liliane,Beddon,lbeddonb4@umn.edu,38.9273849,-77.0125445
402,Kattie,Reddie,kreddieb5@tmall.com,43.1581207,-77.6063541
403,Henriette,Just,hjustb6@google.ru,38.2,-84.87
404,Richy,Poge,rpogeb7@ucoz.com,41.7429283,-87.7123355
405,Adelbert,Gilstin,agilstinb8@youtube.com,37.74,-122.19
406,Rori,Degenhardt,rdegenhardtb9@bbc.co.uk,38.58,-121.49
407,Emlyn,Dufour,edufourba@yale.edu,28.0003221,-82.5889012
408,Ambrose,Lermouth,alermouthbb@paginegialle.it,39.7665139,-89.6100521
409,Tallou,O'Mullaney,tomullaneybc@mac.com,39.0277832,-94.6557914
410,Stan,Lawdham,slawdhambd@redcross.org,41.6920942,-70.9427914
411,Concettina,Anyon,canyonbe@people.com.cn,35.3364517,-97.6222665
412,Ondrea,Alam,oalambf@epa.gov,38.4099999,-82.4599999
413,Tedd,Camerati,tcameratibg@posterous.com,38.8973837,-77.0395416
414,Jillana,MacCoughen,jmaccoughenbh@networksolutions.com,29.6464527,-95.4935119
415,Gabe,Sollowaye,gsollowayebi@opera.com,44.0557303,-92.5253639
416,Bartholemy,Litster,blitsterbj@comsenz.com,36.1069958,-79.8522564
417,Wyatt,Townby,wtownbybk@cornell.edu,37.34,-121.89
418,Viviene,Dy,vdybl@4shared.com,32.7526842,-97.3264658
419,Freedman,Sorbie,fsorbiebm@wired.com,45.5593978,-122.807445
420,Colman,Lidington,clidingtonbn@chicagotribune.com,25.84791,-80.2377078
421,Chrotoem,Barrus,cbarrusbo@nsw.gov.au,29.6252177,-95.2208569
422,Carline,Tingle,ctinglebp@homestead.com,42.6862558,-82.7625747
423,Nichols,Bigg,nbiggbq@xing.com,30.080174,-94.1265562
424,Faun,Crack,fcrackbr@comcast.net,42.3382755,-83.1756188
425,Joceline,Dumblton,jdumbltonbs@wisc.edu,36.0802326,-86.8320743
426,Winnah,Scourge,wscourgebt@123-reg.co.uk,32.2821952,-90.2291565
427,Borg,Soldi,bsoldibu@house.gov,41.8784851,-87.627893
428,Carter,Androletti,candrolettibv@odnoklassniki.ru,32.7311729,-97.4508426
429,Gavin,Widger,gwidgerbw@springer.com,42.4678076,-70.9844
430,Winston,Skully,wskullybx@statcounter.com,34.2426224,-77.8252923
431,Constantine,Beagen,cbeagenby@jugem.jp,44.903044,-93.2332244
432,Theresa,Bethune,tbethunebz@businesswire.com,38.5574091,-121.4848927
433,Bondon,Easthope,beasthopec0@oakley.com,38.92,-76.99
434,Hoebart,Coggin,hcogginc1@smugmug.com,29.6237766,-95.4830243
435,Junette,Sneezum,jsneezumc2@so-net.ne.jp,36.15,-96
436,Datha,Shippam,dshippamc3@photobucket.com,41.01,-85.06
437,Codie,Caine,ccainec4@wordpress.org,29.42,-98.49
438,Tamma,Vidloc,tvidlocc5@nih.gov,47.6060781,-122.3329957
439,Dolorita,Pooly,dpoolyc6@accuweather.com,37.27,-79.94
440,Karine,Guilayn,kguilaync7@quantcast.com,42.6862558,-82.7625747
441,Shannon,Bendel,sbendelc8@bigcartel.com,33.519545,-111.5468301
442,Lorne,Drane,ldranec9@deviantart.com,37.2374847,-121.8277925
443,Steve,Fetherston,sfetherstonca@hubpages.com,26.0799319,-80.298025
444,Philippine,Dunbleton,pdunbletoncb@wired.com,25.8535635,-80.1484407
445,Sunny,Croad,scroadcc@mozilla.org,40.7132136,-74.2120629
446,Dietrich,Ebbutt,debbuttcd@mapquest.com,40.4696026,-80.0388543
447,Estell,Nicol,enicolce@desdev.cn,42.3781869,-83.1059154
448,Leo,Armytage,larmytagecf@sbwire.com,35.95,-84.02
449,Harrie,Bettanay,hbettanaycg@github.io,37.9098504,-84.4172666
450,Donovan,Petran,dpetranch@youtube.com,33.7654607,-84.38709
451,Anita,Haysman,ahaysmanci@google.com.br,41.7396715,-85.9262162
452,Abbey,McGowing,amcgowingcj@marketwatch.com,38.9374808,-77.0852258
453,Elwira,Bolin,ebolinck@yale.edu,38.26,-85.75
454,Quentin,Lankford,qlankfordcl@delicious.com,39.7380371,-105.0265195
455,Lauren,Chicchelli,lchicchellicm@accuweather.com,38.8163486,-104.8512993
456,Alfie,Faulks,afaulkscn@is.gd,29.9246825,-90.0163544
457,Shanna,Choat,schoatco@nbcnews.com,28.54,-81.38
458,Waverly,Talby,wtalbycp@noaa.gov,34.2426224,-77.8252923
459,Brewster,Cornu,bcornucq@imageshack.us,30.2915328,-97.7688358
460,Arlan,Thirtle,athirtlecr@spiegel.de,33.47,-111.92
461,Ermengarde,Crommett,ecrommettcs@whitehouse.gov,40.68,-73.95
462,Melisse,Buffy,mbuffyct@hhs.gov,33.1837961,-97.1305536
463,Hillard,Joiner,hjoinercu@mlb.com,40.7,-111.99
464,Harriett,MacRinn,hmacrinncv@accuweather.com,29.6793128,-82.3723105
465,Cordy,Westrey,cwestreycw@csmonitor.com,38.0434058,-121.2969674
466,Afton,De Meis,ademeiscx@google.co.uk,33.4243373,-82.1387233
467,Tove,Seery,tseerycy@squarespace.com,33.9255183,-83.9214896
468,Joceline,Worsom,jworsomcz@t-online.de,44.9468994,-92.9105987
469,Aleta,O'Farrell,aofarrelld0@yahoo.co.jp,27.7703677,-82.6356732
470,Amara,Wolfendale,awolfendaled1@abc.net.au,38.9331391,-92.3738037
471,Fayth,Prester,fpresterd2@adobe.com,35.79,-105.99
472,Kristofer,Soden,ksodend3@163.com,41.76,-72.74
473,Sibyl,Reinert,sreinertd4@dmoz.org,30.475663,-87.193563
474,Orsa,Twigger,otwiggerd5@senate.gov,26.8844636,-81.734942
475,Dinnie,Scane,dscaned6@google.ru,42.722661,-73.8301437
476,Wallache,Filpi,wfilpid7@flickr.com,29.65,-82.33
477,Bobbee,McGriele,bmcgrieled8@comcast.net,36.8466981,-76.2900032
478,Marabel,Potter,mpotterd9@vimeo.com,30.27,-97.74
479,Berrie,Glendining,bglendiningda@live.com,26.411026,-80.0926014
480,Eugenia,Druhan,edruhandb@stumbleupon.com,41.451118,-81.6309078
481,Lib,Kuschke,lkuschkedc@godaddy.com,39.9602601,-83.0092803
482,Mirelle,Viles,mvilesdd@google.com,61.15,-149.9199999
483,Grantham,Vial,gvialde@nbcnews.com,37.99,-84.52
484,Bartholomew,Beumant,bbeumantdf@wikimedia.org,34.149491,-118.099449
485,Elbert,Lakey,elakeydg@goo.ne.jp,32.7274015,-97.2706807
486,Laurie,Howsin,lhowsindh@army.mil,28.0964047,-81.9207423
487,Gigi,Brunel,gbruneldi@house.gov,34.9128121,-116.6492954
488,Kimmie,Duckels,kduckelsdj@list-manage.com,41.0901834,-73.541744
489,Chase,Ogdahl,cogdahldk@a8.net,40.078872,-82.9447782
490,Dag,Cosgry,dcosgrydl@yahoo.co.jp,45.63,-122.52
491,Drusy,Peizer,dpeizerdm@soundcloud.com,38.8055168,-104.4956239
492,Renato,Acedo,racedodn@nifty.com,32.6969212,-117.1343318
493,Gui,McEvay,gmcevaydo@godaddy.com,35.3328119,-80.817935
494,Lexis,Sharper,lsharperdp@networkadvertising.org,30.475663,-87.193563
495,Terza,Rutland,trutlanddq@berkeley.edu,33.7518692,-117.8590737
496,Myrtie,Eckersley,meckersleydr@devhub.com,35.0863004,-85.1790404
497,Zane,Girvin,zgirvinds@accuweather.com,39.3096984,-76.6701475
498,Adelice,Shave,ashavedt@booking.com,41.64,-83.54
499,Karalee,Dakhno,kdakhnodu@tripadvisor.com,34.052996,-118.2548551
500,Glenda,Tathacott,gtathacottdv@zdnet.com,26.0576497,-80.3101684
501,Nell,Pennrington,npennringtondw@usgs.gov,39.1645065,-119.7634857
502,Orelee,Brunelleschi,obrunelleschidx@zimbio.com,35.2219554,-80.8328724
503,Sher,Wenden,swendendy@cnet.com,39.68,-75.75
504,Kathlin,Andriveaux,kandriveauxdz@constantcontact.com,39.0345609,-94.5521274
505,Gipsy,Galbraith,ggalbraithe0@webnode.com,42.3784509,-83.3032607
506,Marta,O' Ronan,moronane1@skype.com,33.492776,-112.0837471
507,Gennie,Hagard,ghagarde2@usnews.com,32.9536923,-96.816156
508,Kellyann,Deavall,kdeavalle3@nydailynews.com,39.7284944,-121.8374777
509,Cathrin,Inch,cinche4@nps.gov,39.9990626,-83.0173386
510,Agustin,Lonergan,alonergane5@google.pl,39.95,-75.16
511,Rafe,Dumberrill,rdumberrille6@google.com.br,39.817642,-75.5101999
512,Catarina,Moorey,cmooreye7@msn.com,36.1964847,-95.8459341
513,Marc,Conford,mconforde8@a8.net,38.8993417,-77.0091334
514,Albertine,Stormont,astormonte9@dailymotion.com,31.319438,-92.4672927
515,Becky,Lascell,blascellea@nba.com,40.7634529,-73.9798808
516,Willette,Izon,wizoneb@redcross.org,30.4415185,-87.2518824
517,Dasie,Venning,dvenningec@odnoklassniki.ru,41.76,-72.74
518,Elinore,Spyvye,espyvyeed@hexun.com,45.6585294,-122.4979879
519,Wrennie,Kristufek,wkristufekee@digg.com,42.7282811,-84.5511177
520,Bella,Dewerson,bdewersonef@ebay.com,40.7679191,-93.3362962
521,Danita,Puleque,dpulequeeg@cdc.gov,47.93,-97.03
522,Mose,Tucknutt,mtucknutteh@latimes.com,32.78,-96.8
523,Sol,Blundell,sblundellei@google.com.br,34.9568026,-106.6055534
524,Lucias,Parker,lparkerej@seattletimes.com,36.09,-79.83
525,Avictor,Jaxon,ajaxonek@spotify.com,33.7098769,-117.7431372
526,Julissa,Carabine,jcarabineel@hostgator.com,30.45,-91.15
527,Shannen,Levee,sleveeem@wired.com,37.6346281,-97.2383178
528,Ave,Nickoll,anickollen@issuu.com,42.9202891,-78.7589558
529,Marianna,Richemond,mrichemondeo@cnn.com,34.1672881,-118.153228
530,Devan,Perkis,dperkisep@uol.com.br,42.3745311,-88.1263369
531,Martita,Waudby,mwaudbyeq@51.la,42.3382755,-83.1756188
532,Jacquelynn,Jeffcoat,jjeffcoater@edublogs.org,40.5,-80.06
533,Gal,Wanderschek,gwanderschekes@phpbb.com,38.5385973,-121.6954666
534,Justin,Hlavecek,jhlaveceket@angelfire.com,39.603484,-119.7078532
535,Krisha,Lamberth,klambertheu@epa.gov,31.9754756,-106.4170311
536,Rennie,Giacovelli,rgiacovelliev@chicagotribune.com,36.1069958,-79.8522564
537,Benjy,Beasant,bbeasantew@google.com.hk,34.28,-118.7
538,Standford,Flanner,sflannerex@nhs.uk,39.7443294,-89.7286056
539,Clareta,Biasio,cbiasioey@abc.net.au,35.22,-80.83
540,Ebonee,Huc,ehucez@de.vu,40.7679191,-93.3362962
541,Kinnie,Bolitho,kbolithof0@smh.com.au,38.2,-84.87
542,Rafaello,Dufore,rduforef1@miitbeian.gov.cn,41.1399814,-104.8202462
543,Christian,Bourthoumieux,cbourthoumieuxf2@wired.com,32.3630585,-90.1475822
544,Louie,Hackley,lhackleyf3@earthlink.net,32.0688848,-102.0946818
545,Florri,Lound,floundf4@cbc.ca,45.01,-93.65
546,Gordon,Brunstan,gbrunstanf5@ft.com,29.54,-98.42
547,Bobbe,Manktelow,bmanktelowf6@sakura.ne.jp,38.2473,-85.68525
548,Bertine,Linn,blinnf7@jimdo.com,26.132433,-81.7951054
549,Felipa,Jozefiak,fjozefiakf8@prnewswire.com,41.05,-73.54
550,Adrien,Gregoraci,agregoracif9@economist.com,42.9862014,-85.625085
551,Rosemonde,Olesen,rolesenfa@microsoft.com,43.61,-116.2
552,Lusa,Tommeo,ltommeofb@mozilla.org,41.2899133,-96.0996978
553,Gothart,Syder,gsyderfc@dedecms.com,41.3065186,-72.9310714
554,Joice,Dolley,jdolleyfd@bloglines.com,41.6517775,-83.5016887
555,Maryrose,Sturgess,msturgessfe@imageshack.us,38.58,-121.49
556,Stephenie,Vasilic,svasilicff@4shared.com,38.35,-81.63
557,Hadlee,Hatley,hhatleyfg@wordpress.com,35.2037032,-80.7842188
558,Filberte,Cayser,fcayserfh@cloudflare.com,27.9890156,-81.6802054
559,Florrie,Messenger,fmessengerfi@amazon.com,41.0875099,-81.6363869
560,Mommy,Goodhew,mgoodhewfj@pcworld.com,37.97,-87.5699999
561,Corine,Godleman,cgodlemanfk@wunderground.com,34.8468777,-92.2679632
562,Bendix,Pettus,bpettusfl@nyu.edu,38.6024828,-121.4470463
563,Hetti,Pendrey,hpendreyfm@wp.com,35.94,-83.99
564,Aarika,MacElholm,amacelholmfn@dmoz.org,40.0506279,-83.0683519
565,Godfry,Hincks,ghincksfo@ask.com,40.7400016,-73.9800078
566,Maximilianus,Adamiec,madamiecfp@php.net,36.025609,-78.9853813
567,Roman,Deas,rdeasfq@geocities.jp,32.56,-85
568,Locke,Melpuss,lmelpussfr@digg.com,32.3855324,-86.2514126
569,Cosetta,Prangle,cpranglefs@ehow.com,32.9985237,-96.84046
570,Hanna,Selcraig,hselcraigft@trellian.com,35.9240269,-78.5829504
571,Pascale,Feaviour,pfeaviourfu@netlog.com,43.1352111,-77.6478852
572,Gaile,Bargery,gbargeryfv@hostgator.com,47.6015566,-122.3323351
573,Myrah,Germann,mgermannfw@phoca.cz,37.4110966,-122.0181762
574,Janot,O'Donnell,jodonnellfx@hibu.com,32.46,-84.99
575,Florina,Coverlyn,fcoverlynfy@baidu.com,39.6476577,-104.9984484
576,Son,Scougal,sscougalfz@edublogs.org,41.7721061,-72.7038047
577,Gayel,Damp,gdampg0@squidoo.com,37.97,-87.5699999
578,Gwenneth,Rudloff,grudloffg1@netlog.com,30.2047151,-92.0167547
579,Odetta,Went,owentg2@admin.ch,32.6969212,-117.1343318
580,George,Carlill,gcarlillg3@diigo.com,44.0557303,-92.5253639
581,Towney,Dolan,tdolang4@msu.edu,39.0269443,-94.6673484
582,Nada,Shalloo,nshalloog5@google.it,40.22,-74.74
583,Keelia,Streather,kstreatherg6@omniture.com,40.77,-73.53
584,Reggy,Tuckwell,rtuckwellg7@wsj.com,34.7,-118.14
585,Boniface,Farrow,bfarrowg8@xrea.com,38.26,-85.75
586,Shea,Dyhouse,sdyhouseg9@pinterest.com,38.9080786,-77.0406147
587,Kin,Pedden,kpeddenga@networkadvertising.org,36.7299999,-119.78
588,Kaitlyn,Loosmore,kloosmoregb@istockphoto.com,34.8511873,-92.3320235
589,Christen,Chainey,cchaineygc@blogs.com,41.76,-72.69
590,Terrance,Duthie,tduthiegd@mediafire.com,39.2957066,-76.5697075
591,Danyette,Verchambre,dverchambrege@t-online.de,42.8129576,-73.9447994
592,Humbert,Sundin,hsundingf@time.com,35.4318343,-97.4922407
593,Nichols,Bohman,nbohmangg@ehow.com,40.7681987,-73.9608428
594,Adoree,Bertl,abertlgh@drupal.org,42.4643438,-83.4056438
595,Gale,Hornung,ghornunggi@plala.or.jp,40.3208847,-76.8836261
596,Lynnet,Zukierman,lzukiermangj@last.fm,40.8143687,-73.7419017
597,Marcie,Holdron,mholdrongk@tripod.com,34.9568026,-106.6055534
598,Iorgo,Chivrall,ichivrallgl@smh.com.au,35.6648088,-101.8036596
599,Ingram,Rohlfs,irohlfsgm@chron.com,43.61,-116.2
600,Henrik,Ossipenko,hossipenkogn@wikipedia.org,42.1072582,-72.5815752
601,Fannie,Pomphrey,fpomphreygo@a8.net,37.7485824,-122.4184108
602,Linell,Baldry,lbaldrygp@uol.com.br,38.35,-81.63
603,Ailee,Tinline,atinlinegq@jigsy.com,34.10885,-118.2234229
604,Claudetta,Hicken,chickengr@nifty.com,38.88,-76.85
605,Sutherland,Berthelmot,sberthelmotgs@51.la,36.7949518,-119.7541856
606,Mia,Cannon,mcannongt@blinklist.com,34.9378859,-81.9021301
607,Johnathon,Gulk,jgulkgu@xinhuanet.com,33.45,-112.08
608,Shaylah,Hurry,shurrygv@twitpic.com,37.2374847,-121.8277925
609,Gwynne,Baldacchi,gbaldacchigw@spiegel.de,29.2434976,-82.116955
610,Aeriela,Deller,adellergx@oaic.gov.au,33.76,-84.39
611,Julieta,Burdus,jburdusgy@blogspot.com,33.1,-117.28
612,Ianthe,Goodliff,igoodliffgz@tuttocitta.it,42.9115599,-85.6264635
613,Ritchie,Extance,rextanceh0@netvibes.com,30.02,-89.98
614,Caro,Wardell,cwardellh1@webeden.co.uk,33.8092255,-84.2805478
615,Meryl,Gregson,mgregsonh2@craigslist.org,41.8784851,-87.627893
616,Alfy,Dewer,adewerh3@w3.org,35.9014983,-81.1381216
617,Burl,Bampfield,bbampfieldh4@livejournal.com,39.0638705,-108.5506486
618,Robbin,Barnson,rbarnsonh5@yolasite.com,38.9,-77.04
619,Vance,Foxworthy,vfoxworthyh6@cornell.edu,39.95,-75.18
620,Elmira,MacAulay,emacaulayh7@utexas.edu,32.31,-106.78
621,Earl,Quillinane,equillinaneh8@homestead.com,40.7,-111.99
622,Mohandas,Gates,mgatesh9@nasa.gov,32.9629396,-96.6691579
623,Ker,Delea,kdeleaha@unc.edu,43.1770344,-77.5504779
624,Lari,Battie,lbattiehb@artisteer.com,38.8189466,-77.0593246
625,Theodore,Robertelli,trobertellihc@patch.com,33.3639393,-86.8119917
626,Wilbur,Le Pine,wlepinehd@e-recht24.de,33.75,-84.39
627,Glennie,Kleeman,gkleemanhe@sitemeter.com,28.4630493,-81.460856
628,Nero,Lorentz,nlorentzhf@ed.gov,39.7434917,-84.0854432
629,Reidar,McCarlie,rmccarliehg@blinklist.com,41.07,-85.14
630,Lidia,Mousby,lmousbyhh@techcrunch.com,44.81,-93.92
631,Darleen,Vamplers,dvamplershi@abc.net.au,41.6020598,-87.4108352
632,Lulita,Heighton,lheightonhj@discovery.com,33.6682421,-117.7659237
633,Terrijo,Danby,tdanbyhk@ask.com,33.492776,-112.0837471
634,Benjy,Calveley,bcalveleyhl@furl.net,39.7284944,-121.8374777
635,Edna,Coyte,ecoytehm@google.it,41.07,-85.14
636,Mitchael,Fletcher,mfletcherhn@about.com,43.0283952,-85.7564107
637,Joan,Kirkness,jkirknessho@feedburner.com,37.27,-79.94
638,Keith,Stempe,kstempehp@xinhuanet.com,30.6758871,-88.1837629
639,Wake,Dunbar,wdunbarhq@princeton.edu,39.1822152,-84.4225186
640,Valery,Fownes,vfowneshr@ucsd.edu,30.27,-97.74
641,Brianna,Organer,borganerhs@pen.io,32.6969212,-117.1343318
642,Lindsay,Nanuccioi,lnanuccioiht@4shared.com,38.9374808,-77.0852258
643,Wren,Oulner,woulnerhu@home.pl,32.46,-84.99
644,Daisie,Brunet,dbrunethv@desdev.cn,26.8844636,-81.734942
645,Modestia,Goscar,mgoscarhw@mayoclinic.com,34.7299999,-86.59
646,Devlin,Alldred,dalldredhx@cargocollective.com,38.92,-76.99
647,Sammy,Lakenden,slakendenhy@mlb.com,39.7167888,-104.9665815
648,Lynna,McNeish,lmcneishhz@google.com.hk,40.42,-104.7099999
649,Carlyle,Kenwell,ckenwelli0@miibeian.gov.cn,29.82,-95.29
650,Thatcher,Fellnee,tfellneei1@indiegogo.com,32.3324642,-111.2129616
651,Wallie,Towriss,wtowrissi2@illinois.edu,39.96,-83
652,Cristy,Ovenell,covenelli3@rambler.ru,35.1268513,-119.1855785
653,Madelene,Emsley,memsleyi4@archive.org,42.3382755,-83.1756188
654,Romain,Lardner,rlardneri5@cornell.edu,26.2778269,-80.109357
655,Westbrooke,Burfield,wburfieldi6@furl.net,33.8781886,-117.5731991
656,Joni,Gutherson,jguthersoni7@ucoz.com,32.7030883,-96.8029489
657,Giuseppe,Sapwell,gsapwelli8@vkontakte.ru,38.79,-77.19
658,Elianore,Hurler,ehurleri9@hp.com,30.4649282,-84.3857442
659,Sadella,Fraser,sfraseria@google.com.br,42.35,-71.06
660,Koralle,Bertholin,kbertholinib@forbes.com,38.2214782,-85.6794434
661,Austine,Esmonde,aesmondeic@independent.co.uk,37.4110966,-122.0181762
662,Roderigo,Bransgrove,rbransgroveid@forbes.com,42.6532844,-73.762495
663,Livvie,Lynett,llynettie@slideshare.net,37.39,-121.89
664,Lois,Anstiss,lanstissif@arstechnica.com,47.1139164,-122.7708828
665,Davidde,Pawnsford,dpawnsfordig@webnode.com,47.93,-97.03
666,Hattie,Mascall,hmascallih@bigcartel.com,35.99,-115.09
667,Rollins,Mainland,rmainlandii@linkedin.com,21.3488387,-157.9435603
668,Ignacio,Danzig,idanzigij@ifeng.com,41.6615259,-83.6861485
669,Filmore,Squier,fsquierik@toplist.cz,39.1140535,-94.7743365
670,Alvira,Vlasyev,avlasyevil@de.vu,40.5,-80.06
671,Antonella,Allsop,aallsopim@csmonitor.com,35.8054733,-78.6169494
672,Jerald,Brentnall,jbrentnallin@hatena.ne.jp,41.1024492,-81.4992884
673,Alphard,McKall,amckallio@netvibes.com,41.2505888,-75.8520879
674,Wenonah,Trounson,wtrounsonip@wunderground.com,39.29,-76.61
675,Burton,Draper,bdraperiq@pen.io,35.4318343,-97.4922407
676,Jamill,Drysdell,jdrysdellir@bloomberg.com,40.8690303,-73.8477874
677,Fredek,Cullon,fcullonis@accuweather.com,30.02,-89.98
678,Maegan,Sirl,msirlit@weebly.com,33.6781963,-118.0127534
679,Riane,Dablin,rdabliniu@ft.com,39.2937264,-76.6248739
680,Guss,Wearn,gwearniv@psu.edu,37.56,-77.45
681,Dallas,Dulton,ddultoniw@wordpress.com,35.0863004,-85.1790404
682,Shelba,Sindall,ssindallix@usa.gov,41.0699247,-80.6937177
683,Addy,Carnow,acarnowiy@webmd.com,36.09,-79.78
684,Nero,Stittle,nstittleiz@nytimes.com,34.149491,-118.099449
685,Myrtice,McBeath,mmcbeathj0@tinypic.com,38.8,-77.05
686,Jany,Arch,jarchj1@eepurl.com,39.7434917,-84.0854432
687,Cariotta,Treves,ctrevesj2@oakley.com,38.0765476,-84.5955732
688,Janifer,Meikle,jmeiklej3@ebay.com,33.5915355,-101.8482479
689,Dermot,Housaman,dhousamanj4@ask.com,39.14,-84.54
690,Madison,Sustins,msustinsj5@arizona.edu,42.9115599,-85.6264635
691,Winifield,Base,wbasej6@blinklist.com,42.3604802,-71.0590624
692,Kevina,Francie,kfranciej7@dailymail.co.uk,21.3488387,-157.9435603
693,Nealy,Helbeck,nhelbeckj8@cdc.gov,35.3922378,-97.4273195
694,Hughie,Joynson,hjoynsonj9@51.la,32.6786908,-97.3354531
695,Renate,Reynard,rreynardja@ca.gov,37.7813454,-122.497668
696,Tripp,Leggett,tleggettjb@vistaprint.com,35.9015016,-81.138279
697,Hyacinthia,Oaker,hoakerjc@wiley.com,31.77,-106.43
698,Boothe,Abramowsky,babramowskyjd@bbc.co.uk,40.5053499,-80.04928
699,Gay,Attack,gattackje@goo.ne.jp,40.4888987,-79.8900686
700,Adelind,Farmiloe,afarmiloejf@drupal.org,40.7493096,-73.8213213
701,Dulcy,Toffoloni,dtoffolonijg@comcast.net,43.1095503,-88.0411993
702,Oliviero,Dipple,odipplejh@zdnet.com,41.8499561,-87.650042
703,Reynold,McParland,rmcparlandji@umich.edu,42.3652917,-71.0646337
704,Rosalie,MacFarland,rmacfarlandjj@netlog.com,30.02,-89.98
705,Kayne,Doag,kdoagjk@list-manage.com,32.7030883,-96.8029489
706,Nanni,Pilmer,npilmerjl@myspace.com,39.7912709,-84.3226488
707,Clim,Johnston,cjohnstonjm@rediff.com,38.8931743,-77.0251409
708,Fidelia,Petrelli,fpetrellijn@hao123.com,38.93,-77.4
709,Wang,Selvester,wselvesterjo@exblog.jp,36.1069958,-79.8522564
710,Hersch,Ferreri,hferrerijp@uol.com.br,38.2214782,-85.6794434
711,Dacy,Manners,dmannersjq@xrea.com,42.2685543,-89.0965841
712,Odette,Carneck,ocarneckjr@go.com,39.7975767,-89.6551671
713,Galvin,Linthead,glintheadjs@yellowbook.com,33.6977944,-117.7765895
714,Eran,Easeman,eeasemanjt@jimdo.com,44.9468994,-92.9105987
715,Ludovico,Lackney,llackneyju@yale.edu,38.94,-77.08
716,Jobi,Turfin,jturfinjv@google.co.jp,39.7284944,-121.8374777
717,Alisa,Arbuckle,aarbucklejw@indiatimes.com,34.7179437,-92.3714901
718,Elijah,Scurrah,escurrahjx@over-blog.com,33.7098769,-117.7431372
719,Annamaria,Schenkel,aschenkeljy@theguardian.com,47.6015566,-122.3323351
720,Dmitri,Coules,dcoulesjz@paypal.com,37.235499,-93.2478638
721,Gertie,Steinson,gsteinsonk0@samsung.com,39.9311729,-104.9739333
722,Bambi,Flippini,bflippinik1@mayoclinic.com,39.062982,-76.8391683
723,Kristofor,Kun,kkunk2@census.gov,33.3107008,-111.8749872
724,Yul,Cahen,ycahenk3@woothemes.com,44.934021,-123.3072848
725,Ezekiel,Sauvan,esauvank4@hexun.com,35.6046911,-82.4861053
726,Laina,Sabine,lsabinek5@biglobe.ne.jp,35.1268513,-119.1855785
727,Gil,Ramme,grammek6@mlb.com,40.9180569,-73.8977693
728,Erv,Trase,etrasek7@yale.edu,45.78,-108.5
729,Phillida,Jaqueme,pjaquemek8@google.de,28.322781,-81.3912772
730,Greer,Hast,ghastk9@issuu.com,38.58,-121.49
731,Liam,Paszak,lpaszakka@oracle.com,34.02,-118.5
732,Dorella,Moreland,dmorelandkb@acquirethisname.com,37.7794055,-122.4494738
733,Cassi,Clarkson,cclarksonkc@xinhuanet.com,38.8,-77.05
734,Stanislaus,Dumphries,sdumphrieskd@oakley.com,37.7162538,-97.2983363
735,Felecia,Landy,flandyke@hhs.gov,38.8920292,-77.0136483
736,Beltran,McJerrow,bmcjerrowkf@wsj.com,41.2418116,-95.9673967
737,Cristabel,Tatford,ctatfordkg@com.com,39.7443294,-89.7286056
738,Sumner,Quartermaine,squartermainekh@free.fr,34.10885,-118.2234229
739,Curcio,Apfler,capflerki@boston.com,28.3921554,-81.5322149
740,Dyan,Bown,dbownkj@earthlink.net,32.0056072,-81.0973279
741,Thoma,Glencorse,tglencorsekk@examiner.com,32.75,-83.66
742,Gal,Yedy,gyedykl@bloglovin.com,32.75,-83.66
743,Blaine,Pinn,bpinnkm@chronoengine.com,35.0010118,-85.3162066
744,Kalina,Ellingsworth,kellingsworthkn@pen.io,29.6237766,-95.4830243
745,Jada,Corston,jcorstonko@reference.com,29.65,-82.33
746,Ermentrude,Slater,eslaterkp@gmpg.org,47.6025001,-122.3385759
747,Laurene,Philbin,lphilbinkq@desdev.cn,32.31,-106.78
748,Rozanna,MacKaile,rmackailekr@desdev.cn,44.9790183,-93.1855735
749,Davin,Sutcliff,dsutcliffks@ameblo.jp,35.3922378,-97.4273195
750,Lotty,Angless,langlesskt@dell.com,38.94,-77.08
751,Claus,Hancell,chancellku@examiner.com,36.7299999,-119.78
752,Urbano,Brusby,ubrusbykv@ucoz.com,43.15,-77.63
753,Konrad,Linnock,klinnockkw@ovh.net,25.84791,-80.2377078
754,Morna,Seville,msevillekx@netscape.com,39.8,-89.65
755,Nealy,Longthorne,nlongthorneky@businesswire.com,34.1672881,-118.153228
756,Markus,Hritzko,mhritzkokz@simplemachines.org,32.8449965,-96.9799755
757,Noland,Tathacott,ntathacottl0@diigo.com,41.01,-85.06
758,Abel,Dionisio,adionisiol1@mayoclinic.com,61.148769,-149.8010811
759,Fanny,Durber,fdurberl2@istockphoto.com,39.5511448,-104.9505671
760,Lemmie,Vittore,lvittorel3@wsj.com,41.1071733,-80.5993854
761,Yuma,Acklands,yacklandsl4@umich.edu,33.8181422,-117.9009893
762,Simonette,Blest,sblestl5@nationalgeographic.com,40.6998888,-73.8076421
763,Tess,Gascoyne,tgascoynel6@dell.com,38.8965627,-77.0224418
764,Ignacius,Bromley,ibromleyl7@boston.com,29.7857853,-95.8243956
765,Jehu,Braksper,jbraksperl8@mediafire.com,42.722661,-73.8301437
766,Millicent,McRamsey,mmcramseyl9@unc.edu,38.6289203,-90.2051538
767,Ebeneser,Simonnet,esimonnetla@furl.net,25.728011,-80.2454223
768,Odetta,Ritter,oritterlb@netscape.com,30.3121498,-81.7375526
769,Allix,Donizeau,adonizeaulc@merriam-webster.com,42.34,-71.05
770,Renelle,Holbury,rholburyld@free.fr,33.7654607,-84.38709
771,La verne,Wainer,lwainerle@bloomberg.com,33.7200336,-84.5851994
772,Mack,Cana,mcanalf@npr.org,40.7,-89.52
773,Meggy,Eleshenar,meleshenarlg@sitemeter.com,33.3363836,-111.9343636
774,Jodee,Gilbee,jgilbeelh@shop-pro.jp,30.3321838,-81.655651
775,Nat,Kirkbride,nkirkbrideli@salon.com,26.132433,-81.7951054
776,Zara,Oke,zokelj@wufoo.com,47.6288591,-122.3456919
777,Claus,Cumming,ccumminglk@bigcartel.com,40.7132136,-74.2120629
778,Roby,Fletcher,rfletcherll@hao123.com,37.07,-76.5
779,Lyon,Ellerbeck,lellerbecklm@technorati.com,41.2101217,-95.9991228
780,Georgiana,Gruby,ggrubyln@constantcontact.com,39.2246072,-119.7078532
781,Rosetta,Mosco,rmoscolo@ycombinator.com,33.3363836,-111.9343636
782,Mehetabel,McGrae,mmcgraelp@icq.com,41.8499561,-87.650042
783,Bobby,Malone,bmalonelq@mit.edu,26.2778269,-80.109357
784,Wolfgang,Karpf,wkarpflr@ow.ly,35.6869752,-105.937799
785,Pepe,Blackie,pblackiels@hatena.ne.jp,38.34,-85.7
786,Kimball,Blaksley,kblaksleylt@washington.edu,41.07,-85.14
787,Xena,Peatman,xpeatmanlu@addthis.com,34.14,-77.92
788,Catlin,Bittlestone,cbittlestonelv@cbc.ca,39.9583587,-75.1953934
789,Niles,Cornick,ncornicklw@51.la,47.0378741,-122.9006951
790,Enrique,Arkwright,earkwrightlx@ftc.gov,34.6741181,-92.3517526
791,Taffy,Dahmke,tdahmkely@imageshack.us,40.7132136,-74.2120629
792,Branden,Renihan,brenihanlz@vistaprint.com,33.37,-86.81
793,Hew,Hampe,hhampem0@shop-pro.jp,41.07,-85.14
794,Mark,Dominighi,mdominighim1@hp.com,35.1002148,-89.8500299
795,Carmel,Tantum,ctantumm2@discovery.com,34.8511873,-92.3320235
796,Doloritas,Bucky,dbuckym3@bandcamp.com,41.0875099,-81.6363869
797,Clerc,Gladwell,cgladwellm4@home.pl,21.3488387,-157.9435603
798,Florencia,Hamm,fhammm5@princeton.edu,37.9414132,-77.3472943
799,Lannie,Cappel,lcappelm6@house.gov,32.903454,-117.2195678
800,Delores,Forde,dfordem7@webeden.co.uk,41.07,-85.14
801,Izabel,Dodimead,idodimeadm8@51.la,38.9477341,-76.8807437
802,Floyd,Jurn,fjurnm9@google.es,43.1625916,-77.6079126
803,Kin,Cinavas,kcinavasma@merriam-webster.com,27.96,-82.53
804,Gery,Aldhouse,galdhousemb@freewebs.com,38.58,-121.49
805,Arabele,Younie,ayouniemc@engadget.com,41.6920942,-70.9427914
806,Blayne,Doggerell,bdoggerellmd@slideshare.net,28.54,-81.38
807,Gavan,Imlacke,gimlackeme@joomla.org,38.63,-90.19
808,Terra,Bibby,tbibbymf@google.ru,41.1024492,-81.4992884
809,Cris,Syson,csysonmg@msu.edu,40.6681669,-73.9800645
810,Lowell,Steptow,lsteptowmh@usatoday.com,42.35,-71.06
811,Yvor,Court,ycourtmi@cargocollective.com,29.6211025,-95.2632201
812,Franciskus,Dietmar,fdietmarmj@dagondesign.com,37.34,-121.89
813,Elysha,Matuskiewicz,ematuskiewiczmk@clickbank.net,41.2899133,-96.0996978
814,Olympie,Strowthers,ostrowthersml@si.edu,36.1678611,-115.0406679
815,Patin,Brisland,pbrislandmm@tinyurl.com,40.7525629,-73.976024
816,Melisande,Kemster,mkemstermn@mit.edu,35.3922378,-97.4273195
817,Selinda,Bynert,sbynertmo@google.co.jp,38.2,-84.87
818,Perceval,Dmisek,pdmisekmp@chron.com,39.7761758,-89.6051502
819,Theda,Bernetti,tbernettimq@who.int,39.0105228,-95.6931356
820,Urbano,Thomton,uthomtonmr@surveymonkey.com,26.0576497,-80.3101684
821,Biddy,Girvan,bgirvanms@nasa.gov,33.6523096,-86.7114545
822,Theodosia,Snelgar,tsnelgarmt@edublogs.org,36.0457187,-115.3133908
823,Eberto,Karolczyk,ekarolczykmu@eepurl.com,42.5420213,-91.1118075
824,Ysabel,Aked,yakedmv@angelfire.com,38.8965627,-77.0224418
825,Nestor,Elkington,nelkingtonmw@nasa.gov,40.9112418,-96.5996963
826,Marthe,Ledrane,mledranemx@mapquest.com,39.8911731,-86.2869507
827,Tilda,Geeraert,tgeeraertmy@etsy.com,39.4854373,-119.8757349
828,Frans,Gidman,fgidmanmz@vistaprint.com,37.78,-122.42
829,Horst,Viant,hviantn0@discovery.com,27.7772091,-97.4435441
830,Llywellyn,Buterton,lbutertonn1@indiatimes.com,39.0327543,-76.5517132
831,Carson,Thominga,cthomingan2@oakley.com,32.9578909,-102.8518139
832,Reeba,Plumm,rplummn3@webs.com,44.934021,-123.3072848
833,Tana,Rainford,trainfordn4@flickr.com,26.2448015,-81.8115051
834,Drusi,Smiths,dsmithsn5@phpbb.com,38.6198298,-121.5198716
835,Calv,Antuk,cantukn6@histats.com,32.9578909,-102.8518139
836,Christoffer,Dregan,cdregann7@odnoklassniki.ru,40.04,-76.31
837,Shelden,Lange,slangen8@nationalgeographic.com,32.4545928,-93.7079745
838,Jenilee,Thaxter,jthaxtern9@skype.com,31.5547633,-84.06035
839,Jaime,Sloy,jsloyna@w3.org,26.4649188,-80.1226012
840,Hilary,Disbury,hdisburynb@etsy.com,35.9787718,-84.1329595
841,Prudy,Macrow,pmacrownc@about.com,34.7,-118.14
842,Rozalie,Strelitzki,rstrelitzkind@is.gd,39.0327543,-76.5517132
843,Correy,Lelievre,clelievrene@scribd.com,37.74,-122.19
844,Ward,Tippin,wtippinnf@usnews.com,42.8840931,-78.8724715
845,Sonnie,McCarthy,smccarthyng@wikia.com,37.2422863,-121.7309452
846,Arlin,Chilcotte,achilcottenh@moonfruit.com,31.77,-106.43
847,Ad,Firebrace,afirebraceni@opera.com,32.7757,-96.5983607
848,Beitris,Browett,bbrowettnj@cbc.ca,43.0690343,-89.4245627
849,Joly,Lakes,jlakesnk@booking.com,35.3364517,-97.6222665
850,Maritsa,Broome,mbroomenl@theglobeandmail.com,42.9862014,-85.625085
851,Danya,Reach,dreachnm@merriam-webster.com,39.8786639,-104.6821048
852,Gordan,Lukash,glukashnn@webmd.com,41.5359304,-88.1193763
853,Fanechka,Anstice,fansticeno@nhs.uk,32.9629396,-96.6691579
854,Caren,Dirkin,cdirkinnp@dyndns.org,41.7396715,-85.9262162
855,Dru,Berthot,dberthotnq@narod.ru,40.77,-73.53
856,Brande,Goulbourne,bgoulbournenr@reverbnation.com,47.6015566,-122.3323351
857,Kimbra,Bowring,kbowringns@ox.ac.uk,35.6869752,-105.937799
858,Tedie,Beuscher,tbeuschernt@stumbleupon.com,30.475663,-87.193563
859,Allister,Leadbitter,aleadbitternu@nsw.gov.au,39.9793657,-75.1253492
860,Marley,McInteer,mmcinteernv@soup.io,37.13,-84.08
861,Glen,Ditchett,gditchettnw@epa.gov,35.3364517,-97.6222665
862,Blakeley,Philipsen,bphilipsennx@princeton.edu,39.2817753,-76.6932438
863,Evangelia,McPhelimy,emcphelimyny@github.io,38.4099999,-82.4599999
864,Shaun,Hickenbottom,shickenbottomnz@rakuten.co.jp,33.6682421,-117.7659237
865,Matelda,Noseworthy,mnoseworthyo0@t.co,38.9374808,-77.0852258
866,Brendis,Titterton,btittertono1@telegraph.co.uk,39.3614334,-76.5892774
867,Lisbeth,Gunn,lgunno2@utexas.edu,36.7949518,-119.7541856
868,Sandye,Formilli,sformillio3@exblog.jp,37.54,-77.45
869,Mommy,McTrustam,mmctrustamo4@hao123.com,42.4395419,-83.3155257
870,Wilfred,Kennsley,wkennsleyo5@chronoengine.com,32.7925057,-116.93933
871,Zahara,Woodwing,zwoodwingo6@angelfire.com,41.0875099,-81.6363869
872,Agatha,McDonald,amcdonaldo7@facebook.com,34.17,-118.12
873,Ashbey,Pendock,apendocko8@gov.uk,35.4209352,-97.6656625
874,Trista,Dimanche,tdimancheo9@topsy.com,41.01,-85.06
875,Ellwood,Owain,eowainoa@com.com,36.0978298,-80.2438321
876,Irina,Suarez,isuarezob@house.gov,33.9216582,-84.3772367
877,Jimmie,McAnulty,jmcanultyoc@fda.gov,42.2685543,-89.0965841
878,Angelita,Minshaw,aminshawod@auda.org.au,28.322781,-81.3912772
879,Dorelia,Roff,droffoe@livejournal.com,38.9048517,-94.6864991
880,Adrian,Moriarty,amoriartyof@wikia.com,36.9262849,-76.0203323
881,Allina,Dyter,adyterog@nymag.com,35.1332903,-106.6167113
882,Lincoln,Kiellor,lkielloroh@myspace.com,42.3662435,-83.3270994
883,Prent,Revey,preveyoi@nbcnews.com,30.4111518,-88.9198322
884,Benedict,Urrey,burreyoj@quantcast.com,41.7396715,-85.9262162
885,Imogen,Ebrall,iebrallok@networkadvertising.org,32.8565219,-96.6038258
886,Larry,Zorer,lzorerol@independent.co.uk,45.62,-94.25
887,Rossie,Clamp,rclampom@cmu.edu,40.9112418,-96.5996963
888,Orbadiah,McQuin,omcquinon@zdnet.com,35.99,-115.09
889,Tammie,Brinicombe,tbrinicombeoo@auda.org.au,32.78,-96.8
890,Ashlan,Phear,aphearop@shareasale.com,40.42,-104.7099999
891,Rivi,MacWhan,rmacwhanoq@disqus.com,27.9852231,-82.008014
892,Aileen,Rodda,aroddaor@freewebs.com,38.9048517,-94.6864991
893,Lion,Tooby,ltoobyos@fastcompany.com,38.9048517,-94.6864991
894,Anya,Fulun,afulunot@bloglines.com,39.817642,-75.5101999
895,Kessiah,Shingler,kshinglerou@istockphoto.com,42.3745311,-88.1263369
896,Karylin,Schustl,kschustlov@acquirethisname.com,41.7458012,-87.6087638
897,Rufus,Rodie,rrodieow@wordpress.org,27.6112399,-81.6621917
898,Dyna,Borsnall,dborsnallox@sun.com,40.6285158,-73.9447994
899,Emyle,Almond,ealmondoy@hexun.com,44.934021,-123.3072848
900,Dehlia,Dwelley,ddwelleyoz@pbs.org,44.0557303,-92.5253639
901,Bernarr,Putland,bputlandp0@indiegogo.com,27.9890156,-81.6802054
902,Thom,Carillo,tcarillop1@apple.com,33.207199,-87.5482025
903,Valene,Pointing,vpointingp2@oakley.com,29.385634,-98.5254159
904,Jervis,Stammer,jstammerp3@google.pl,32.6969212,-117.1343318
905,Kelvin,Lightbown,klightbownp4@hc360.com,40.7608571,-73.9681265
906,Faustine,French,ffrenchp5@eepurl.com,34.9128121,-116.6492954
907,Moise,Jedrachowicz,mjedrachowiczp6@cbc.ca,36.9262849,-76.0203323
908,Gaye,Howett,ghowettp7@simplemachines.org,40.4770427,-79.9571907
909,Nadine,Lindenblatt,nlindenblattp8@state.tx.us,47.6849444,-122.2982224
910,Greer,Leynagh,gleynaghp9@booking.com,41.451118,-81.6309078
911,Parrnell,Dougherty,pdoughertypa@xrea.com,33.1362221,-97.0821162
912,Jaynell,Balke,jbalkepb@tiny.cc,40.7,-111.99
913,Ardis,Glanville,aglanvillepc@nyu.edu,29.82,-95.29
914,Desirae,Fearnyough,dfearnyoughpd@themeforest.net,38.92,-76.99
915,Gleda,Asbery,gasberype@ucoz.com,34.7299999,-86.59
916,Rosemary,Clampton,rclamptonpf@samsung.com,39.2671237,-84.5195974
917,Theodora,Foxall,tfoxallpg@rambler.ru,43.15,-77.63
918,Vivyanne,Claesens,vclaesensph@japanpost.jp,42.9202891,-78.7589558
919,Moe,Kunzel,mkunzelpi@mozilla.org,29.5613789,-98.5612534
920,Kristel,Cartner,kcartnerpj@mysql.com,29.9919028,-90.0795843
921,Horst,Gomersal,hgomersalpk@indiegogo.com,40.7,-89.52
922,Den,Edensor,dedensorpl@goodreads.com,35.9240269,-78.5829504
923,Devi,Gierth,dgierthpm@toplist.cz,31.4637723,-100.4370375
924,Adoree,Piscotti,apiscottipn@gnu.org,30.475663,-87.193563
925,Kip,Shee,ksheepo@springer.com,42.3382755,-83.1756188
926,Bibby,Geistmann,bgeistmannpp@fastcompany.com,39.2937264,-76.6248739
927,Zedekiah,Fogt,zfogtpq@last.fm,40.5,-80.06
928,Petrina,Anthoney,panthoneypr@newyorker.com,40.6,-75.47
929,Savina,Knoton,sknotonps@infoseek.co.jp,47.61,-122.33
930,Gregorius,Oley,goleypt@amazon.com,40.44,-79.9599999
931,Franky,Domel,fdomelpu@facebook.com,34.06,-118.24
932,Will,Coggings,wcoggingspv@issuu.com,41.8822489,-87.7221872
933,Brade,Squire,bsquirepw@usgs.gov,38.8943618,-77.04997
934,Cilka,Tollfree,ctollfreepx@chronoengine.com,45.5767359,-122.6386722
935,Zacharias,Longmead,zlongmeadpy@wired.com,26.5114554,-80.109357
936,Stewart,McGroarty,smcgroartypz@time.com,32.4237461,-104.2655282
937,Eberto,Byre,ebyreq0@youku.com,32.9578909,-102.8518139
938,Carolan,Woolveridge,cwoolveridgeq1@typepad.com,41.76,-72.74
939,Blondy,Pacey,bpaceyq2@wiley.com,38.92,-76.99
940,Olvan,Mazillius,omazilliusq3@jalbum.net,42.7327231,-84.5575089
941,Kippie,Collumbell,kcollumbellq4@si.edu,26.2448015,-81.8115051
942,Robby,Tasch,rtaschq5@google.es,38.58,-121.49
943,Ethan,Lamcken,elamckenq6@wikispaces.com,36.025609,-78.9853813
944,Nicolina,Raeside,nraesideq7@timesonline.co.uk,38.8563576,-104.6995991
945,Lidia,Dews,ldewsq8@twitpic.com,33.7636344,-117.9688322
946,Ainsley,Burchell,aburchellq9@shutterfly.com,42.319384,-85.1872878
947,Tome,Georger,tgeorgerqa@weebly.com,39.6599999,-104.84
948,Davie,Applin,dapplinqb@yahoo.com,33.9548846,-118.0273914
949,Mareah,Klaaassen,mklaaassenqc@yahoo.co.jp,30.45,-91.15
950,Iago,Sparey,ispareyqd@sitemeter.com,29.9246825,-90.0163544
951,Flore,Shovell,fshovellqe@mapquest.com,35.1241195,-90.0443217
952,Cristine,Frankema,cfrankemaqf@ifeng.com,64.8377778,-147.7163888
953,Monty,Cuddy,mcuddyqg@spotify.com,38.8163486,-104.8512993
954,Hilary,Curnokk,hcurnokkqh@over-blog.com,37.9416306,-77.3484049
955,Maisie,Saleway,msalewayqi@taobao.com,39.67,-86.19
956,Tarra,Gatland,tgatlandqj@theatlantic.com,32.75,-83.66
957,Edithe,Bradneck,ebradneckqk@merriam-webster.com,37.78,-122.42
958,Flss,Charley,fcharleyql@prlog.org,43,-87.97
959,Paton,Curston,pcurstonqm@uiuc.edu,28.3921554,-81.5322149
960,Ambrosius,Rogan,aroganqn@ameblo.jp,35.2188655,-80.8108888
961,Calla,Haymes,chaymesqo@who.int,26.8844636,-81.734942
962,Alix,Yuryichev,ayuryichevqp@creativecommons.org,35.6869752,-105.937799
963,Margret,Hartmann,mhartmannqq@constantcontact.com,32.765421,-96.7413706
964,Gerald,Sergean,gsergeanqr@elpais.com,34.06,-118.24
965,Kippar,Beneix,kbeneixqs@netvibes.com,30.27,-97.74
966,Brannon,Terzi,bterziqt@oakley.com,34.052996,-118.2548551
967,Mata,Peasgood,mpeasgoodqu@google.es,33.7518692,-117.8590737
968,Chelsae,Smaleman,csmalemanqv@mashable.com,32.9578909,-102.8518139
969,Andros,Gerardin,agerardinqw@acquirethisname.com,38.94,-77.08
970,Caddric,Basill,cbasillqx@businesswire.com,40.7051078,-74.0056827
971,Tore,Ciardo,tciardoqy@aboutads.info,40.8288377,-73.9374517
972,Justen,Sabberton,jsabbertonqz@example.com,25.6387878,-80.3073826
973,Richie,Dee,rdeer0@google.com,40.496654,-74.446092
974,Sergio,Attridge,sattridger1@diigo.com,35.8054733,-78.6169494
975,Cristy,Chattey,cchatteyr2@ucsd.edu,29.4743666,-98.5165167
976,Karel,Mowson,kmowsonr3@addthis.com,40.0380778,-75.1136721
977,Lishe,Windebank,lwindebankr4@barnesandnoble.com,38.8978995,-77.0157837
978,Somerset,Kores,skoresr5@bluehost.com,41.2420649,-80.8488498
979,Griff,Groven,ggrovenr6@adobe.com,38.8822689,-77.142764
980,Farand,Ridgedell,fridgedellr7@mac.com,27.6112399,-81.6621917
981,Sanson,Olohan,solohanr8@guardian.co.uk,38.6,-121.45
982,Joy,Mawdsley,jmawdsleyr9@nih.gov,26.0576497,-80.3101684
983,Dom,Stelle,dstellera@about.me,43.1790617,-86.1853474
984,Casper,Huburn,chuburnrb@utexas.edu,43.6,-96.7099999
985,Kelly,Hardisty,khardistyrc@sciencedirect.com,44.9799999,-93.26
986,Rozanna,Summerhayes,rsummerhayesrd@omniture.com,39.1645065,-119.7634857
987,Jay,Shellshear,jshellshearre@tripadvisor.com,33.207199,-87.5482025
988,Afton,Entwisle,aentwislerf@upenn.edu,32.0005346,-80.9760556
989,Paulie,Warrier,pwarrierrg@behance.net,32.7634169,-117.1230937
990,Bianka,Woolnough,bwoolnoughrh@earthlink.net,42.29,-83.14
991,Biddy,Hubert,bhubertri@tripod.com,40.496654,-74.446092
992,Mitchell,Rassell,mrassellrj@theglobeandmail.com,38.6,-121.45
993,Koo,Boswell,kboswellrk@arizona.edu,31.4637723,-100.4370375
994,Marjorie,Stoppe,mstopperl@imdb.com,44.9951298,-93.4352207
995,Ignacius,Mardall,imardallrm@sphinn.com,30.4649282,-84.3857442
996,Heall,McCafferky,hmccafferkyrn@washingtonpost.com,40.7493096,-73.8213213
997,Levy,Chatain,lchatainro@hhs.gov,33.9253024,-84.3857442
998,Carleton,De Domenici,cdedomenicirp@sciencedirect.com,40.6998888,-73.8076421
999,Elisabet,Waghorn,ewaghornrq@boston.com,43.0283952,-85.7564107
1000,Lothario,Clissold,lclissoldrr@blinklist.com,30.27,-97.74
